[	{		
			"player":{
				"name": "player1",
				"number": 4,
				"nickName": "nick1"
			},
			"team":"A",
			"position": "G",
			"scoredPoint":10,
			"rebounds":2,
			"assists":7
		},
		{
			"player":{
				"name": "player2",
				"number": 8,
				"nickName": "nick2"
			},
			"team":"A",
			"position": "F",
			"scoredPoint":0,
			"rebounds":10,
			"assists":0
		}
		,
		{
			"player":{
				"name": "player3",
				"number": 15,
				"nickName": "nick3"
			},
			"team":"A",
			"position": "C",
			"scoredPoint":15,
			"rebounds":10,
			"assists":4
		},
		{
			"player":{
				"name": "player4",
				"number": 16,
				"nickName": "nick4"
			},
			"team":"B",
			"position": "G",
			"scoredPoint":20,
			"rebounds":0,
			"assists":0
		},{
			"player":{
				"name": "player5",
				"number": 23,
				"nickName": "nick5"
			},
			"team":"B",
			"position": "F",
			"scoredPoint":4,
			"rebounds":7,
			"assists":7
		},
		{
			"player":{
				"name": "player6",
				"number": 42,
				"nickName": "nick6"
			},
			"team":"B",
			"position": "C",
			"scoredPoint":8,
			"rebounds":10,
			"assists":0
		}
]
