
	[
		{
			"player":{
				"name": "player1",
				"number": 4,
				"nickName": "nick1"
			},
			"team":"A",
			"position": "G",
			"goalMade":0,
			"goalReceived":20
		},
		{
			"player":{
				"name": "player2",
				"number": 8,
				"nickName": "nick2"
			},
			"team":"A",
			"position": "F",
			"goalMade":15,
			"goalReceived":20
		}
		,
		{
			"player":{
				"name": "player3",
				"number": 15,
				"nickName": "nick3"
			},
			"team":"A",
			"position": "F",
			"goalMade":10,
			"goalReceived":20
		},
		{
			"player":{
				"name": "player4",
				"number": 16,
				"nickName": "nick4"
			},
			"team":"B",
			"position": "G",
			"goalMade":1,
			"goalReceived":25
		},{
			"player":{
				"name": "player5",
				"number": 23,
				"nickName": "nick5"
			},
			"team":"B",
			"position": "F",
			"goalMade":12,
			"goalReceived":25
		},
		{
			"player":{
				"name": "player6",
				"number": 42,
				"nickName": "nick6"
			},
			"team":"B",
			"position": "F",
			"goalMade":8,
			"goalReceived":25
		}
	]